{
    "schemaVersion": null,
    "dashboardFormatVersion": "4.0",
    "name": "Prueba_Monitoreo_segmentado",
    "description": null,
    "properties": null,
    "templateEntityType": "APPLICATION_COMPONENT_NODE",
    "associatedEntityTemplates": null,
    "minutesBeforeAnchorTime": -1,
    "startDate": null,
    "endDate": null,
    "refreshInterval": 120000,
    "backgroundColor": 15856629,
    "color": 15856629,
    "height": 768,
    "width": 1024,
    "canvasType": "CANVAS_TYPE_GRID",
    "layoutType": "",
    "widgetTemplates": [
        {
            "widgetType": "IFrameWidget",
            "title": null,
            "height": 4,
            "width": 6,
            "minHeight": 0,
            "minWidth": 0,
            "x": 0,
            "y": 0,
            "label": null,
            "description": null,
            "drillDownUrl": null,
            "useMetricBrowserAsDrillDown": true,
            "drillDownActionType": null,
            "backgroundColor": 16777215,
            "backgroundColors": null,
            "backgroundColorsStr": "16777215,16777215",
            "color": 1646891,
            "fontSize": 12,
            "useAutomaticFontSize": false,
            "borderEnabled": false,
            "borderThickness": 0,
            "borderColor": 14408667,
            "backgroundAlpha": 1,
            "showValues": false,
            "formatNumber": null,
            "numDecimals": 0,
            "removeZeros": null,
            "compactMode": false,
            "showTimeRange": false,
            "renderIn3D": false,
            "showLegend": null,
            "legendPosition": null,
            "legendColumnCount": null,
            "startTime": null,
            "endTime": null,
            "minutesBeforeAnchorTime": 15,
            "isGlobal": true,
            "propertiesMap": null,
            "dataSeriesTemplates": null,
            "sourceURL": "http://10.184.48.226:8090/controller/dashboards.jsp?desktopView=true#/location=DASHBOARD_VIEWER&token=4c3a6429-2a6d-4a9e-856e-50f3b3cc66db&timeRange=last_15_minutes.BEFORE_NOW.-1.-1.15",
            "sandbox": true
        },
        {
            "widgetType": "IFrameWidget",
            "title": null,
            "height": 4,
            "width": 6,
            "minHeight": 0,
            "minWidth": 0,
            "x": 6,
            "y": 0,
            "label": null,
            "description": null,
            "drillDownUrl": null,
            "useMetricBrowserAsDrillDown": true,
            "drillDownActionType": null,
            "backgroundColor": 16777215,
            "backgroundColors": null,
            "backgroundColorsStr": "16777215,16777215",
            "color": 1646891,
            "fontSize": 12,
            "useAutomaticFontSize": false,
            "borderEnabled": false,
            "borderThickness": 0,
            "borderColor": 14408667,
            "backgroundAlpha": 1,
            "showValues": false,
            "formatNumber": null,
            "numDecimals": 0,
            "removeZeros": null,
            "compactMode": false,
            "showTimeRange": false,
            "renderIn3D": false,
            "showLegend": null,
            "legendPosition": null,
            "legendColumnCount": null,
            "startTime": null,
            "endTime": null,
            "minutesBeforeAnchorTime": 15,
            "isGlobal": true,
            "propertiesMap": null,
            "dataSeriesTemplates": null,
            "sourceURL": "http://10.184.48.226:8090/controller/dashboards.jsp?desktopView=true#/location=DASHBOARD_VIEWER&token=6d8e988e-9176-4076-8f98-3edc54dc700a&timeRange=last_15_minutes.BEFORE_NOW.-1.-1.15",
            "sandbox": true
        }
    ],
    "warRoom": false,
    "template": false
}