{
    "schemaVersion": null,
    "dashboardFormatVersion": "4.0",
    "name": "Prueba",
    "description": null,
    "properties": null,
    "templateEntityType": "APPLICATION_COMPONENT_NODE",
    "associatedEntityTemplates": null,
    "minutesBeforeAnchorTime": -1,
    "startDate": null,
    "endDate": null,
    "refreshInterval": 60000,
    "backgroundColor": 15856629,
    "color": 15856629,
    "height": 768,
    "width": 1024,
    "canvasType": "CANVAS_TYPE_GRID",
    "layoutType": "",
    "widgetTemplates": [
        {
            "widgetType": "GraphWidget",
            "title": null,
            "height": 3,
            "width": 6,
            "minHeight": 0,
            "minWidth": 0,
            "x": 0,
            "y": 0,
            "label": null,
            "description": null,
            "drillDownUrl": null,
            "useMetricBrowserAsDrillDown": true,
            "drillDownActionType": null,
            "backgroundColor": 16777215,
            "backgroundColors": null,
            "backgroundColorsStr": "16777215,16777215",
            "color": 1646891,
            "fontSize": 12,
            "useAutomaticFontSize": false,
            "borderEnabled": false,
            "borderThickness": 0,
            "borderColor": 14408667,
            "backgroundAlpha": 1,
            "showValues": false,
            "formatNumber": null,
            "numDecimals": 0,
            "removeZeros": null,
            "compactMode": false,
            "showTimeRange": false,
            "renderIn3D": false,
            "showLegend": true,
            "legendPosition": "POSITION_BOTTOM",
            "legendColumnCount": 1,
            "startTime": null,
            "endTime": null,
            "minutesBeforeAnchorTime": 15,
            "isGlobal": true,
            "propertiesMap": null,
            "dataSeriesTemplates": [
                {
                    "seriesType": "LINE",
                    "metricType": "BUSINESS_TRANSACTION",
                    "showRawMetricName": false,
                    "colorPalette": null,
                    "name": "Series 1",
                    "metricMatchCriteriaTemplate": {
                        "entityMatchCriteria": {
                            "matchCriteriaType": "AllEntities",
                            "entityType": "BUSINESS_TRANSACTION",
                            "agentTypes": null,
                            "summary": false
                        },
                        "metricExpressionTemplate": {
                            "metricExpressionType": "Logical",
                            "functionType": "CURRENT",
                            "displayName": "null",
                            "inputMetricText": false,
                            "inputMetricPath": null,
                            "relativeMetricPath": "Average Response Time (ms)"
                        },
                        "rollupMetricData": false,
                        "expressionString": "",
                        "useActiveBaseline": false,
                        "sortResultsAscending": false,
                        "maxResults": 20,
                        "evaluationScopeType": "TIER_AVERAGE",
                        "baselineName": null,
                        "applicationName": "Fintech",
                        "metricDisplayNameStyle": "DISPLAY_STYLE_CUSTOM",
                        "metricDisplayNameCustomFormat": ""
                    },
                    "axisPosition": "LEFT"
                }
            ],
            "verticalAxisLabel": null,
            "hideHorizontalAxis": null,
            "horizontalAxisLabel": null,
            "axisType": "LINEAR",
            "stackMode": null,
            "multipleYAxis": null,
            "customVerticalAxisMin": null,
            "customVerticalAxisMax": null,
            "showEvents": true,
            "interpolateDataGaps": true,
            "showAllTooltips": false,
            "staticThresholdList": [
                {
                    "value": 8000,
                    "color": 16711680,
                    "name": "Critico"
                }
            ],
            "eventFilterTemplate": {
                "applicationName": "Fintech",
                "healthRuleNames": null,
                "eventTypes": [
                    "POLICY_OPEN_WARNING",
                    "POLICY_OPEN_CRITICAL",
                    "ANOMALY_OPEN_WARNING",
                    "ANOMALY_OPEN_CRITICAL",
                    "DEADLOCK",
                    "RESOURCE_POOL_LIMIT",
                    "APPLICATION_DEPLOYMENT",
                    "APP_SERVER_RESTART",
                    "CLR_CRASH",
                    "APPLICATION_CONFIG_CHANGE",
                    "APPLICATION_CRASH",
                    "LICENSE",
                    "DISK_SPACE",
                    "CONTROLLER_AGENT_VERSION_INCOMPATIBILITY",
                    "AGENT_CONFIGURATION_ERROR",
                    "DEV_MODE_CONFIG_UPDATE",
                    "CONTROLLER_METRIC_REG_LIMIT_REACHED",
                    "APPLICATION_CRASH"
                ],
                "rsdTypes": null,
                "customEventFilters": null,
                "specificEntityNamesByType": null
            }
        }
    ],
    "warRoom": false,
    "template": false
}