{
    "schemaVersion": null,
    "dashboardFormatVersion": "4.0",
    "name": "RESPONSIVO",
    "description": null,
    "properties": null,
    "templateEntityType": "APPLICATION_COMPONENT_NODE",
    "associatedEntityTemplates": null,
    "minutesBeforeAnchorTime": -1,
    "startDate": null,
    "endDate": null,
    "refreshInterval": 120000,
    "backgroundColor": 15856629,
    "color": 15856629,
    "height": 768,
    "width": 1024,
    "canvasType": "CANVAS_TYPE_GRID",
    "layoutType": "",
    "widgetTemplates": [
        {
            "widgetType": "GaugeWidget",
            "title": "CITIBANAMEX EFECTIVIDAD",
            "height": 3,
            "width": 6,
            "minHeight": 0,
            "minWidth": 0,
            "x": 0,
            "y": 0,
            "label": null,
            "description": null,
            "drillDownUrl": null,
            "useMetricBrowserAsDrillDown": true,
            "drillDownActionType": null,
            "backgroundColor": 16777215,
            "backgroundColors": null,
            "backgroundColorsStr": "16777215,16777215",
            "color": 1646891,
            "fontSize": 12,
            "useAutomaticFontSize": false,
            "borderEnabled": false,
            "borderThickness": 0,
            "borderColor": 14408667,
            "backgroundAlpha": 1,
            "showValues": true,
            "formatNumber": null,
            "numDecimals": 0,
            "removeZeros": null,
            "compactMode": false,
            "showTimeRange": false,
            "renderIn3D": false,
            "showLegend": null,
            "legendPosition": null,
            "legendColumnCount": null,
            "startTime": null,
            "endTime": null,
            "minutesBeforeAnchorTime": 15,
            "isGlobal": true,
            "propertiesMap": null,
            "dataSeriesTemplates": null,
            "showLabels": false,
            "showPercentValues": null,
            "useMinMaxValues": true,
            "minValue": 0,
            "maxValue": 100,
            "invertColors": true
        },
        {
            "widgetType": "MetricLabelWidget",
            "title": "CITIBANAMEX EXITOSAS",
            "height": 2,
            "width": 3,
            "minHeight": 0,
            "minWidth": 0,
            "x": 0,
            "y": 3,
            "label": null,
            "description": null,
            "drillDownUrl": null,
            "useMetricBrowserAsDrillDown": true,
            "drillDownActionType": null,
            "backgroundColor": 16777215,
            "backgroundColors": null,
            "backgroundColorsStr": "16777215,16777215",
            "color": 1646891,
            "fontSize": 12,
            "useAutomaticFontSize": true,
            "borderEnabled": false,
            "borderThickness": 0,
            "borderColor": 14408667,
            "backgroundAlpha": 1,
            "showValues": false,
            "formatNumber": true,
            "numDecimals": 2,
            "removeZeros": true,
            "compactMode": false,
            "showTimeRange": false,
            "renderIn3D": false,
            "showLegend": null,
            "legendPosition": null,
            "legendColumnCount": null,
            "startTime": null,
            "endTime": null,
            "minutesBeforeAnchorTime": 15,
            "isGlobal": true,
            "propertiesMap": null,
            "dataSeriesTemplates": null,
            "text": null,
            "textAlign": "RIGHT",
            "margin": 15,
            "showLabel": false
        },
        {
            "widgetType": "MetricLabelWidget",
            "title": "CITIBANAMEX NO EXITOSAS",
            "height": 2,
            "width": 3,
            "minHeight": 0,
            "minWidth": 0,
            "x": 3,
            "y": 3,
            "label": null,
            "description": null,
            "drillDownUrl": null,
            "useMetricBrowserAsDrillDown": true,
            "drillDownActionType": null,
            "backgroundColor": 16777215,
            "backgroundColors": null,
            "backgroundColorsStr": "16777215,16777215",
            "color": 1646891,
            "fontSize": 12,
            "useAutomaticFontSize": true,
            "borderEnabled": false,
            "borderThickness": 0,
            "borderColor": 14408667,
            "backgroundAlpha": 1,
            "showValues": false,
            "formatNumber": true,
            "numDecimals": 2,
            "removeZeros": true,
            "compactMode": false,
            "showTimeRange": false,
            "renderIn3D": false,
            "showLegend": null,
            "legendPosition": null,
            "legendColumnCount": null,
            "startTime": null,
            "endTime": null,
            "minutesBeforeAnchorTime": 15,
            "isGlobal": true,
            "propertiesMap": null,
            "dataSeriesTemplates": null,
            "text": null,
            "textAlign": "RIGHT",
            "margin": 15,
            "showLabel": false
        },
        {
            "widgetType": "GaugeWidget",
            "title": "BBVA EFECTIVIDAD",
            "height": 3,
            "width": 6,
            "minHeight": 0,
            "minWidth": 0,
            "x": 0,
            "y": 5,
            "label": null,
            "description": null,
            "drillDownUrl": null,
            "useMetricBrowserAsDrillDown": true,
            "drillDownActionType": null,
            "backgroundColor": 16777215,
            "backgroundColors": null,
            "backgroundColorsStr": "16777215,16777215",
            "color": 1646891,
            "fontSize": 12,
            "useAutomaticFontSize": false,
            "borderEnabled": false,
            "borderThickness": 0,
            "borderColor": 14408667,
            "backgroundAlpha": 1,
            "showValues": true,
            "formatNumber": null,
            "numDecimals": 0,
            "removeZeros": null,
            "compactMode": false,
            "showTimeRange": false,
            "renderIn3D": false,
            "showLegend": null,
            "legendPosition": null,
            "legendColumnCount": null,
            "startTime": null,
            "endTime": null,
            "minutesBeforeAnchorTime": 15,
            "isGlobal": true,
            "propertiesMap": null,
            "dataSeriesTemplates": [
                {
                    "seriesType": "LINE",
                    "metricType": "OTHER",
                    "showRawMetricName": false,
                    "colorPalette": null,
                    "name": "Series 0",
                    "metricMatchCriteriaTemplate": {
                        "entityMatchCriteria": null,
                        "metricExpressionTemplate": {
                            "metricExpressionType": "Boolean",
                            "operator": {
                                "type": "DIVIDE"
                            },
                            "expression1": {
                                "metricExpressionType": "Boolean",
                                "operator": {
                                    "type": "MULTIPLY"
                                },
                                "expression1": {
                                    "metricExpressionType": "Absolute",
                                    "functionType": "VALUE",
                                    "displayName": "exitosos",
                                    "inputMetricText": false,
                                    "inputMetricPath": null,
                                    "metricPath": "Analytics|Corresponsalias.BBVA.Exitosas",
                                    "scopeEntity": {
                                        "applicationName": "AppDynamics Analytics-2",
                                        "entityType": "APPLICATION",
                                        "entityName": "AppDynamics Analytics-2",
                                        "scopingEntityType": null,
                                        "scopingEntityName": null,
                                        "subtype": null
                                    }
                                },
                                "expression2": {
                                    "metricExpressionType": "Literal",
                                    "literalValue": 100
                                }
                            },
                            "expression2": {
                                "metricExpressionType": "Boolean",
                                "operator": {
                                    "type": "PLUS"
                                },
                                "expression1": {
                                    "metricExpressionType": "Absolute",
                                    "functionType": "VALUE",
                                    "displayName": "exitosos",
                                    "inputMetricText": false,
                                    "inputMetricPath": null,
                                    "metricPath": "Analytics|Corresponsalias.BBVA.Exitosas",
                                    "scopeEntity": {
                                        "applicationName": "AppDynamics Analytics-2",
                                        "entityType": "APPLICATION",
                                        "entityName": "AppDynamics Analytics-2",
                                        "scopingEntityType": null,
                                        "scopingEntityName": null,
                                        "subtype": null
                                    }
                                },
                                "expression2": {
                                    "metricExpressionType": "Absolute",
                                    "functionType": "VALUE",
                                    "displayName": "nexitosos",
                                    "inputMetricText": false,
                                    "inputMetricPath": null,
                                    "metricPath": "Analytics|Corresponsailas.BBVA.NoExitosas",
                                    "scopeEntity": {
                                        "applicationName": "AppDynamics Analytics-2",
                                        "entityType": "APPLICATION",
                                        "entityName": "AppDynamics Analytics-2",
                                        "scopingEntityType": null,
                                        "scopingEntityName": null,
                                        "subtype": null
                                    }
                                }
                            }
                        },
                        "rollupMetricData": true,
                        "expressionString": "{exitosos}*(100)/({exitosos}+{nexitosos})",
                        "useActiveBaseline": false,
                        "sortResultsAscending": false,
                        "maxResults": 20,
                        "evaluationScopeType": null,
                        "baselineName": null,
                        "applicationName": "AppDynamics Analytics-2",
                        "metricDisplayNameStyle": "DISPLAY_STYLE_AUTO",
                        "metricDisplayNameCustomFormat": null
                    },
                    "axisPosition": null
                }
            ],
            "showLabels": false,
            "showPercentValues": null,
            "useMinMaxValues": true,
            "minValue": 0,
            "maxValue": 100,
            "invertColors": true
        },
        {
            "widgetType": "MetricLabelWidget",
            "title": "BBVA NO EXITOSAS",
            "height": 2,
            "width": 3,
            "minHeight": 0,
            "minWidth": 0,
            "x": 0,
            "y": 8,
            "label": null,
            "description": null,
            "drillDownUrl": null,
            "useMetricBrowserAsDrillDown": true,
            "drillDownActionType": null,
            "backgroundColor": 16777215,
            "backgroundColors": null,
            "backgroundColorsStr": "16777215,16777215",
            "color": 1646891,
            "fontSize": 12,
            "useAutomaticFontSize": true,
            "borderEnabled": false,
            "borderThickness": 0,
            "borderColor": 14408667,
            "backgroundAlpha": 1,
            "showValues": false,
            "formatNumber": true,
            "numDecimals": 2,
            "removeZeros": true,
            "compactMode": false,
            "showTimeRange": false,
            "renderIn3D": false,
            "showLegend": null,
            "legendPosition": null,
            "legendColumnCount": null,
            "startTime": null,
            "endTime": null,
            "minutesBeforeAnchorTime": 15,
            "isGlobal": true,
            "propertiesMap": null,
            "dataSeriesTemplates": [
                {
                    "seriesType": "LINE",
                    "metricType": "OTHER",
                    "showRawMetricName": false,
                    "colorPalette": null,
                    "name": "Series 0",
                    "metricMatchCriteriaTemplate": {
                        "entityMatchCriteria": null,
                        "metricExpressionTemplate": {
                            "metricExpressionType": "Absolute",
                            "functionType": "VALUE",
                            "displayName": "null",
                            "inputMetricText": false,
                            "inputMetricPath": null,
                            "metricPath": "Analytics|Corresponsalias.BBVA.Exitosas",
                            "scopeEntity": {
                                "applicationName": "AppDynamics Analytics-2",
                                "entityType": "APPLICATION",
                                "entityName": "AppDynamics Analytics-2",
                                "scopingEntityType": null,
                                "scopingEntityName": null,
                                "subtype": null
                            }
                        },
                        "rollupMetricData": true,
                        "expressionString": "",
                        "useActiveBaseline": false,
                        "sortResultsAscending": false,
                        "maxResults": 20,
                        "evaluationScopeType": null,
                        "baselineName": null,
                        "applicationName": "AppDynamics Analytics-2",
                        "metricDisplayNameStyle": "DISPLAY_STYLE_AUTO",
                        "metricDisplayNameCustomFormat": null
                    },
                    "axisPosition": null
                }
            ],
            "text": null,
            "textAlign": "RIGHT",
            "margin": 15,
            "showLabel": false
        },
        {
            "widgetType": "MetricLabelWidget",
            "title": "CITIBANAMEX NO EXITOSAS",
            "height": 2,
            "width": 3,
            "minHeight": 0,
            "minWidth": 0,
            "x": 3,
            "y": 8,
            "label": null,
            "description": null,
            "drillDownUrl": null,
            "useMetricBrowserAsDrillDown": true,
            "drillDownActionType": null,
            "backgroundColor": 16777215,
            "backgroundColors": null,
            "backgroundColorsStr": "16777215,16777215",
            "color": 1646891,
            "fontSize": 12,
            "useAutomaticFontSize": true,
            "borderEnabled": false,
            "borderThickness": 0,
            "borderColor": 14408667,
            "backgroundAlpha": 1,
            "showValues": false,
            "formatNumber": true,
            "numDecimals": 2,
            "removeZeros": true,
            "compactMode": false,
            "showTimeRange": false,
            "renderIn3D": false,
            "showLegend": null,
            "legendPosition": null,
            "legendColumnCount": null,
            "startTime": null,
            "endTime": null,
            "minutesBeforeAnchorTime": 15,
            "isGlobal": true,
            "propertiesMap": null,
            "dataSeriesTemplates": [
                {
                    "seriesType": "LINE",
                    "metricType": "OTHER",
                    "showRawMetricName": false,
                    "colorPalette": null,
                    "name": "Series 0",
                    "metricMatchCriteriaTemplate": {
                        "entityMatchCriteria": null,
                        "metricExpressionTemplate": {
                            "metricExpressionType": "Absolute",
                            "functionType": "VALUE",
                            "displayName": "null",
                            "inputMetricText": false,
                            "inputMetricPath": null,
                            "metricPath": "Analytics|Corresponsailas.BBVA.NoExitosas",
                            "scopeEntity": {
                                "applicationName": "AppDynamics Analytics-2",
                                "entityType": "APPLICATION",
                                "entityName": "AppDynamics Analytics-2",
                                "scopingEntityType": null,
                                "scopingEntityName": null,
                                "subtype": null
                            }
                        },
                        "rollupMetricData": true,
                        "expressionString": "",
                        "useActiveBaseline": false,
                        "sortResultsAscending": false,
                        "maxResults": 20,
                        "evaluationScopeType": null,
                        "baselineName": null,
                        "applicationName": "AppDynamics Analytics-2",
                        "metricDisplayNameStyle": "DISPLAY_STYLE_AUTO",
                        "metricDisplayNameCustomFormat": null
                    },
                    "axisPosition": null
                }
            ],
            "text": null,
            "textAlign": "RIGHT",
            "margin": 15,
            "showLabel": false
        },
        {
            "widgetType": "GaugeWidget",
            "title": "SCOTABANK EFECTIVIDAD",
            "height": 3,
            "width": 6,
            "minHeight": 0,
            "minWidth": 0,
            "x": 0,
            "y": 10,
            "label": null,
            "description": null,
            "drillDownUrl": null,
            "useMetricBrowserAsDrillDown": true,
            "drillDownActionType": null,
            "backgroundColor": 16777215,
            "backgroundColors": null,
            "backgroundColorsStr": "16777215,16777215",
            "color": 1646891,
            "fontSize": 12,
            "useAutomaticFontSize": false,
            "borderEnabled": false,
            "borderThickness": 0,
            "borderColor": 14408667,
            "backgroundAlpha": 1,
            "showValues": true,
            "formatNumber": null,
            "numDecimals": 0,
            "removeZeros": null,
            "compactMode": false,
            "showTimeRange": false,
            "renderIn3D": false,
            "showLegend": null,
            "legendPosition": null,
            "legendColumnCount": null,
            "startTime": null,
            "endTime": null,
            "minutesBeforeAnchorTime": 15,
            "isGlobal": true,
            "propertiesMap": null,
            "dataSeriesTemplates": [
                {
                    "seriesType": "LINE",
                    "metricType": "OTHER",
                    "showRawMetricName": false,
                    "colorPalette": null,
                    "name": "Series 0",
                    "metricMatchCriteriaTemplate": {
                        "entityMatchCriteria": null,
                        "metricExpressionTemplate": {
                            "metricExpressionType": "Boolean",
                            "operator": {
                                "type": "DIVIDE"
                            },
                            "expression1": {
                                "metricExpressionType": "Boolean",
                                "operator": {
                                    "type": "MULTIPLY"
                                },
                                "expression1": {
                                    "metricExpressionType": "Absolute",
                                    "functionType": "VALUE",
                                    "displayName": "exitosos",
                                    "inputMetricText": false,
                                    "inputMetricPath": null,
                                    "metricPath": "Analytics|Corresponsalias.Scotiabank.Exitosas",
                                    "scopeEntity": {
                                        "applicationName": "AppDynamics Analytics-2",
                                        "entityType": "APPLICATION",
                                        "entityName": "AppDynamics Analytics-2",
                                        "scopingEntityType": null,
                                        "scopingEntityName": null,
                                        "subtype": null
                                    }
                                },
                                "expression2": {
                                    "metricExpressionType": "Literal",
                                    "literalValue": 100
                                }
                            },
                            "expression2": {
                                "metricExpressionType": "Boolean",
                                "operator": {
                                    "type": "PLUS"
                                },
                                "expression1": {
                                    "metricExpressionType": "Absolute",
                                    "functionType": "VALUE",
                                    "displayName": "exitosos",
                                    "inputMetricText": false,
                                    "inputMetricPath": null,
                                    "metricPath": "Analytics|Corresponsalias.Scotiabank.Exitosas",
                                    "scopeEntity": {
                                        "applicationName": "AppDynamics Analytics-2",
                                        "entityType": "APPLICATION",
                                        "entityName": "AppDynamics Analytics-2",
                                        "scopingEntityType": null,
                                        "scopingEntityName": null,
                                        "subtype": null
                                    }
                                },
                                "expression2": {
                                    "metricExpressionType": "Absolute",
                                    "functionType": "VALUE",
                                    "displayName": "nexitosos",
                                    "inputMetricText": false,
                                    "inputMetricPath": null,
                                    "metricPath": "Analytics|Corresponsailas.Scotiabank.NoExitosas",
                                    "scopeEntity": {
                                        "applicationName": "AppDynamics Analytics-2",
                                        "entityType": "APPLICATION",
                                        "entityName": "AppDynamics Analytics-2",
                                        "scopingEntityType": null,
                                        "scopingEntityName": null,
                                        "subtype": null
                                    }
                                }
                            }
                        },
                        "rollupMetricData": true,
                        "expressionString": "{exitosos}*(100)/({exitosos}+{nexitosos})",
                        "useActiveBaseline": false,
                        "sortResultsAscending": false,
                        "maxResults": 20,
                        "evaluationScopeType": null,
                        "baselineName": null,
                        "applicationName": "AppDynamics Analytics-2",
                        "metricDisplayNameStyle": "DISPLAY_STYLE_AUTO",
                        "metricDisplayNameCustomFormat": null
                    },
                    "axisPosition": null
                }
            ],
            "showLabels": false,
            "showPercentValues": null,
            "useMinMaxValues": true,
            "minValue": 0,
            "maxValue": 100,
            "invertColors": true
        },
        {
            "widgetType": "MetricLabelWidget",
            "title": "SCOTIABANK EXITOSAS",
            "height": 2,
            "width": 3,
            "minHeight": 0,
            "minWidth": 0,
            "x": 0,
            "y": 13,
            "label": null,
            "description": null,
            "drillDownUrl": null,
            "useMetricBrowserAsDrillDown": true,
            "drillDownActionType": null,
            "backgroundColor": 16777215,
            "backgroundColors": null,
            "backgroundColorsStr": "16777215,16777215",
            "color": 1646891,
            "fontSize": 12,
            "useAutomaticFontSize": true,
            "borderEnabled": false,
            "borderThickness": 0,
            "borderColor": 14408667,
            "backgroundAlpha": 1,
            "showValues": false,
            "formatNumber": true,
            "numDecimals": 2,
            "removeZeros": true,
            "compactMode": false,
            "showTimeRange": false,
            "renderIn3D": false,
            "showLegend": null,
            "legendPosition": null,
            "legendColumnCount": null,
            "startTime": null,
            "endTime": null,
            "minutesBeforeAnchorTime": 15,
            "isGlobal": true,
            "propertiesMap": null,
            "dataSeriesTemplates": [
                {
                    "seriesType": "LINE",
                    "metricType": "OTHER",
                    "showRawMetricName": false,
                    "colorPalette": null,
                    "name": "Series 0",
                    "metricMatchCriteriaTemplate": {
                        "entityMatchCriteria": null,
                        "metricExpressionTemplate": {
                            "metricExpressionType": "Absolute",
                            "functionType": "VALUE",
                            "displayName": "null",
                            "inputMetricText": false,
                            "inputMetricPath": null,
                            "metricPath": "Analytics|Corresponsalias.Scotiabank.Exitosas",
                            "scopeEntity": {
                                "applicationName": "AppDynamics Analytics-2",
                                "entityType": "APPLICATION",
                                "entityName": "AppDynamics Analytics-2",
                                "scopingEntityType": null,
                                "scopingEntityName": null,
                                "subtype": null
                            }
                        },
                        "rollupMetricData": true,
                        "expressionString": "",
                        "useActiveBaseline": false,
                        "sortResultsAscending": false,
                        "maxResults": 20,
                        "evaluationScopeType": null,
                        "baselineName": null,
                        "applicationName": "AppDynamics Analytics-2",
                        "metricDisplayNameStyle": "DISPLAY_STYLE_AUTO",
                        "metricDisplayNameCustomFormat": null
                    },
                    "axisPosition": null
                }
            ],
            "text": null,
            "textAlign": "RIGHT",
            "margin": 15,
            "showLabel": false
        },
        {
            "widgetType": "MetricLabelWidget",
            "title": "SCOTIABANK NO EXITOSAS",
            "height": 2,
            "width": 3,
            "minHeight": 0,
            "minWidth": 0,
            "x": 3,
            "y": 13,
            "label": null,
            "description": null,
            "drillDownUrl": null,
            "useMetricBrowserAsDrillDown": true,
            "drillDownActionType": null,
            "backgroundColor": 16777215,
            "backgroundColors": null,
            "backgroundColorsStr": "16777215,16777215",
            "color": 1646891,
            "fontSize": 12,
            "useAutomaticFontSize": true,
            "borderEnabled": false,
            "borderThickness": 0,
            "borderColor": 14408667,
            "backgroundAlpha": 1,
            "showValues": false,
            "formatNumber": true,
            "numDecimals": 2,
            "removeZeros": true,
            "compactMode": false,
            "showTimeRange": false,
            "renderIn3D": false,
            "showLegend": null,
            "legendPosition": null,
            "legendColumnCount": null,
            "startTime": null,
            "endTime": null,
            "minutesBeforeAnchorTime": 15,
            "isGlobal": true,
            "propertiesMap": null,
            "dataSeriesTemplates": [
                {
                    "seriesType": "LINE",
                    "metricType": "OTHER",
                    "showRawMetricName": false,
                    "colorPalette": null,
                    "name": "Series 0",
                    "metricMatchCriteriaTemplate": {
                        "entityMatchCriteria": null,
                        "metricExpressionTemplate": {
                            "metricExpressionType": "Absolute",
                            "functionType": "VALUE",
                            "displayName": "null",
                            "inputMetricText": false,
                            "inputMetricPath": null,
                            "metricPath": "Analytics|Corresponsailas.Scotiabank.NoExitosas",
                            "scopeEntity": {
                                "applicationName": "AppDynamics Analytics-2",
                                "entityType": "APPLICATION",
                                "entityName": "AppDynamics Analytics-2",
                                "scopingEntityType": null,
                                "scopingEntityName": null,
                                "subtype": null
                            }
                        },
                        "rollupMetricData": true,
                        "expressionString": "",
                        "useActiveBaseline": false,
                        "sortResultsAscending": false,
                        "maxResults": 20,
                        "evaluationScopeType": null,
                        "baselineName": null,
                        "applicationName": "AppDynamics Analytics-2",
                        "metricDisplayNameStyle": "DISPLAY_STYLE_AUTO",
                        "metricDisplayNameCustomFormat": null
                    },
                    "axisPosition": null
                }
            ],
            "text": null,
            "textAlign": "RIGHT",
            "margin": 15,
            "showLabel": false
        },
        {
            "widgetType": "GaugeWidget",
            "title": "SCOTABANK EFECTIVIDAD",
            "height": 3,
            "width": 6,
            "minHeight": 0,
            "minWidth": 0,
            "x": 0,
            "y": 15,
            "label": null,
            "description": null,
            "drillDownUrl": null,
            "useMetricBrowserAsDrillDown": true,
            "drillDownActionType": null,
            "backgroundColor": 16777215,
            "backgroundColors": null,
            "backgroundColorsStr": "16777215,16777215",
            "color": 1646891,
            "fontSize": 12,
            "useAutomaticFontSize": false,
            "borderEnabled": false,
            "borderThickness": 0,
            "borderColor": 14408667,
            "backgroundAlpha": 1,
            "showValues": true,
            "formatNumber": null,
            "numDecimals": 0,
            "removeZeros": null,
            "compactMode": false,
            "showTimeRange": false,
            "renderIn3D": false,
            "showLegend": null,
            "legendPosition": null,
            "legendColumnCount": null,
            "startTime": null,
            "endTime": null,
            "minutesBeforeAnchorTime": 15,
            "isGlobal": true,
            "propertiesMap": null,
            "dataSeriesTemplates": [
                {
                    "seriesType": "LINE",
                    "metricType": "OTHER",
                    "showRawMetricName": false,
                    "colorPalette": null,
                    "name": "Series 0",
                    "metricMatchCriteriaTemplate": {
                        "entityMatchCriteria": null,
                        "metricExpressionTemplate": {
                            "metricExpressionType": "Boolean",
                            "operator": {
                                "type": "DIVIDE"
                            },
                            "expression1": {
                                "metricExpressionType": "Boolean",
                                "operator": {
                                    "type": "MULTIPLY"
                                },
                                "expression1": {
                                    "metricExpressionType": "Absolute",
                                    "functionType": "VALUE",
                                    "displayName": "exitosos",
                                    "inputMetricText": false,
                                    "inputMetricPath": null,
                                    "metricPath": "Analytics|Corresponsalias.Scotiabank.Exitosas",
                                    "scopeEntity": {
                                        "applicationName": "AppDynamics Analytics-2",
                                        "entityType": "APPLICATION",
                                        "entityName": "AppDynamics Analytics-2",
                                        "scopingEntityType": null,
                                        "scopingEntityName": null,
                                        "subtype": null
                                    }
                                },
                                "expression2": {
                                    "metricExpressionType": "Literal",
                                    "literalValue": 100
                                }
                            },
                            "expression2": {
                                "metricExpressionType": "Boolean",
                                "operator": {
                                    "type": "PLUS"
                                },
                                "expression1": {
                                    "metricExpressionType": "Absolute",
                                    "functionType": "VALUE",
                                    "displayName": "exitosos",
                                    "inputMetricText": false,
                                    "inputMetricPath": null,
                                    "metricPath": "Analytics|Corresponsalias.Scotiabank.Exitosas",
                                    "scopeEntity": {
                                        "applicationName": "AppDynamics Analytics-2",
                                        "entityType": "APPLICATION",
                                        "entityName": "AppDynamics Analytics-2",
                                        "scopingEntityType": null,
                                        "scopingEntityName": null,
                                        "subtype": null
                                    }
                                },
                                "expression2": {
                                    "metricExpressionType": "Absolute",
                                    "functionType": "VALUE",
                                    "displayName": "nexitosos",
                                    "inputMetricText": false,
                                    "inputMetricPath": null,
                                    "metricPath": "Analytics|Corresponsailas.Scotiabank.NoExitosas",
                                    "scopeEntity": {
                                        "applicationName": "AppDynamics Analytics-2",
                                        "entityType": "APPLICATION",
                                        "entityName": "AppDynamics Analytics-2",
                                        "scopingEntityType": null,
                                        "scopingEntityName": null,
                                        "subtype": null
                                    }
                                }
                            }
                        },
                        "rollupMetricData": true,
                        "expressionString": "{exitosos}*(100)/({exitosos}+{nexitosos})",
                        "useActiveBaseline": false,
                        "sortResultsAscending": false,
                        "maxResults": 20,
                        "evaluationScopeType": null,
                        "baselineName": null,
                        "applicationName": "AppDynamics Analytics-2",
                        "metricDisplayNameStyle": "DISPLAY_STYLE_AUTO",
                        "metricDisplayNameCustomFormat": null
                    },
                    "axisPosition": null
                }
            ],
            "showLabels": false,
            "showPercentValues": null,
            "useMinMaxValues": true,
            "minValue": 0,
            "maxValue": 100,
            "invertColors": true
        },
        {
            "widgetType": "MetricLabelWidget",
            "title": "SCOTIABANK NO EXITOSAS",
            "height": 2,
            "width": 3,
            "minHeight": 0,
            "minWidth": 0,
            "x": 0,
            "y": 18,
            "label": null,
            "description": null,
            "drillDownUrl": null,
            "useMetricBrowserAsDrillDown": true,
            "drillDownActionType": null,
            "backgroundColor": 16777215,
            "backgroundColors": null,
            "backgroundColorsStr": "16777215,16777215",
            "color": 1646891,
            "fontSize": 12,
            "useAutomaticFontSize": true,
            "borderEnabled": false,
            "borderThickness": 0,
            "borderColor": 14408667,
            "backgroundAlpha": 1,
            "showValues": false,
            "formatNumber": true,
            "numDecimals": 2,
            "removeZeros": true,
            "compactMode": false,
            "showTimeRange": false,
            "renderIn3D": false,
            "showLegend": null,
            "legendPosition": null,
            "legendColumnCount": null,
            "startTime": null,
            "endTime": null,
            "minutesBeforeAnchorTime": 15,
            "isGlobal": true,
            "propertiesMap": null,
            "dataSeriesTemplates": [
                {
                    "seriesType": "LINE",
                    "metricType": "OTHER",
                    "showRawMetricName": false,
                    "colorPalette": null,
                    "name": "Series 0",
                    "metricMatchCriteriaTemplate": {
                        "entityMatchCriteria": null,
                        "metricExpressionTemplate": {
                            "metricExpressionType": "Absolute",
                            "functionType": "VALUE",
                            "displayName": "null",
                            "inputMetricText": false,
                            "inputMetricPath": null,
                            "metricPath": "Analytics|Corresponsailas.Scotiabank.NoExitosas",
                            "scopeEntity": {
                                "applicationName": "AppDynamics Analytics-2",
                                "entityType": "APPLICATION",
                                "entityName": "AppDynamics Analytics-2",
                                "scopingEntityType": null,
                                "scopingEntityName": null,
                                "subtype": null
                            }
                        },
                        "rollupMetricData": true,
                        "expressionString": "",
                        "useActiveBaseline": false,
                        "sortResultsAscending": false,
                        "maxResults": 20,
                        "evaluationScopeType": null,
                        "baselineName": null,
                        "applicationName": "AppDynamics Analytics-2",
                        "metricDisplayNameStyle": "DISPLAY_STYLE_AUTO",
                        "metricDisplayNameCustomFormat": null
                    },
                    "axisPosition": null
                }
            ],
            "text": null,
            "textAlign": "RIGHT",
            "margin": 15,
            "showLabel": false
        },
        {
            "widgetType": "MetricLabelWidget",
            "title": "SCOTIABANK NO EXITOSAS",
            "height": 2,
            "width": 3,
            "minHeight": 0,
            "minWidth": 0,
            "x": 3,
            "y": 18,
            "label": null,
            "description": null,
            "drillDownUrl": null,
            "useMetricBrowserAsDrillDown": true,
            "drillDownActionType": null,
            "backgroundColor": 16777215,
            "backgroundColors": null,
            "backgroundColorsStr": "16777215,16777215",
            "color": 1646891,
            "fontSize": 12,
            "useAutomaticFontSize": true,
            "borderEnabled": false,
            "borderThickness": 0,
            "borderColor": 14408667,
            "backgroundAlpha": 1,
            "showValues": false,
            "formatNumber": true,
            "numDecimals": 2,
            "removeZeros": true,
            "compactMode": false,
            "showTimeRange": false,
            "renderIn3D": false,
            "showLegend": null,
            "legendPosition": null,
            "legendColumnCount": null,
            "startTime": null,
            "endTime": null,
            "minutesBeforeAnchorTime": 15,
            "isGlobal": true,
            "propertiesMap": null,
            "dataSeriesTemplates": [
                {
                    "seriesType": "LINE",
                    "metricType": "OTHER",
                    "showRawMetricName": false,
                    "colorPalette": null,
                    "name": "Series 0",
                    "metricMatchCriteriaTemplate": {
                        "entityMatchCriteria": null,
                        "metricExpressionTemplate": {
                            "metricExpressionType": "Absolute",
                            "functionType": "VALUE",
                            "displayName": "null",
                            "inputMetricText": false,
                            "inputMetricPath": null,
                            "metricPath": "Analytics|Corresponsailas.Scotiabank.NoExitosas",
                            "scopeEntity": {
                                "applicationName": "AppDynamics Analytics-2",
                                "entityType": "APPLICATION",
                                "entityName": "AppDynamics Analytics-2",
                                "scopingEntityType": null,
                                "scopingEntityName": null,
                                "subtype": null
                            }
                        },
                        "rollupMetricData": true,
                        "expressionString": "",
                        "useActiveBaseline": false,
                        "sortResultsAscending": false,
                        "maxResults": 20,
                        "evaluationScopeType": null,
                        "baselineName": null,
                        "applicationName": "AppDynamics Analytics-2",
                        "metricDisplayNameStyle": "DISPLAY_STYLE_AUTO",
                        "metricDisplayNameCustomFormat": null
                    },
                    "axisPosition": null
                }
            ],
            "text": null,
            "textAlign": "RIGHT",
            "margin": 15,
            "showLabel": false
        },
        {
            "widgetType": "AnalyticsWidget",
            "title": null,
            "height": 2,
            "width": 6,
            "minHeight": 2,
            "minWidth": 2,
            "x": 0,
            "y": 20,
            "label": "",
            "description": "",
            "drillDownUrl": "",
            "useMetricBrowserAsDrillDown": false,
            "drillDownActionType": null,
            "backgroundColor": 16777215,
            "backgroundColors": null,
            "backgroundColorsStr": null,
            "color": 1646891,
            "fontSize": 12,
            "useAutomaticFontSize": false,
            "borderEnabled": false,
            "borderThickness": 0,
            "borderColor": 0,
            "backgroundAlpha": 1,
            "showValues": false,
            "formatNumber": true,
            "numDecimals": 2,
            "removeZeros": true,
            "compactMode": false,
            "showTimeRange": false,
            "renderIn3D": false,
            "showLegend": false,
            "legendPosition": null,
            "legendColumnCount": null,
            "startTime": null,
            "endTime": null,
            "minutesBeforeAnchorTime": 60,
            "isGlobal": true,
            "propertiesMap": null,
            "dataSeriesTemplates": null,
            "adqlQueryList": [
                "SELECT distinct (plaza), issuer, count(*) FROM corresponsaliaspe6 WHERE WmCodeValue != \"101\" LIMIT 5, 2"
            ],
            "analyticsWidgetType": "PIE",
            "searchMode": "ADVANCED",
            "isStackingEnabled": false,
            "legendsLayout": "VERTICAL",
            "maxAllowedYAxisFields": 1,
            "maxAllowedXAxisFields": 2,
            "min": null,
            "interval": null,
            "max": null,
            "intervalType": null,
            "maxType": null,
            "minType": null,
            "showMinExtremes": null,
            "showMaxExtremes": null,
            "displayPercentileMarkers": null,
            "percentileValue1": null,
            "percentileValue2": null,
            "percentileValue3": null,
            "percentileValue4": null,
            "isShowLogYAxis": false,
            "resolution": null,
            "dataFetchSize": null,
            "percentileLine": null,
            "timeRangeInterval": null,
            "pollingInterval": null,
            "unit": null,
            "isRawQuery": null,
            "viewState": null,
            "gridState": null,
            "slmConfigId": null,
            "bjId": null,
            "showInverse": false,
            "showHealth": false,
            "align": "center",
            "compareToOption": null,
            "trailingPeriod": null,
            "trailingPeriodUnit": null,
            "isIncreaseGood": null,
            "numberFormatOption": null,
            "showUnivariateLabel": true
        }
    ],
    "warRoom": false,
    "template": false
}